fecha,ndvi_mean,ndvi_std,ndbi_mean,ndbi_std,ndwi_mean,bsi_mean,pct_vegetacion,pct_urbano,pct_agua
2018,0.4172937870025635,0.23583295941352844,-0.04186706990003586,0.18765144050121307,-0.4938405454158783,0.022214459255337715,49.58115548980933,41.62590401051939,0.038173898750821826
2020,0.36496034264564514,0.22515545785427094,-0.010686836205422878,0.1925315111875534,-0.44177335500717163,0.05121921747922897,48.01676528599606,51.10959072978304,0.03238001314924392
2022,0.3729639947414398,0.22537313401699066,-0.019545847550034523,0.1925547868013382,-0.4483843743801117,0.03998532518744469,50.0241617357002,49.92122781065089,0.03780407626561473
2024,0.4045509696006775,0.22478947043418884,-0.03145533800125122,0.19194847345352173,-0.475504606962204,0.029963457956910133,57.73680966469428,48.2336456278764,0.038461538461538464
